number_of_lanes,fatal_count,young,deer,lighting,occupants,road_condition,speed_limit,hour,hit_and_run,most_severe_injury,red_light_running,weekday,highway_classification,crash_type,weather,alcohol,drug
3,0,0,0,3,2,4,55,17,0,5,0,2,1,5,5,0,0
2,0,0,0,4,2,4,55,5,1,5,0,5,9,5,5,0,0
3,0,0,0,1,2,1,55,8,0,5,0,7,1,8,2,0,0
3,0,0,0,4,1,6,55,7,0,5,0,3,3,1,5,0,0
1,0,0,0,5,0,4,10,18,0,5,0,1,9,1,5,0,0
3,0,0,0,1,5,2,35,13,0,4,0,3,9,4,1,0,0
2,0,0,0,4,1,4,35,2,1,5,0,6,9,6,5,0,0
4,0,0,0,5,1,4,25,4,1,2,0,1,9,10,5,0,0
1,0,0,0,4,3,2,25,14,0,5,0,4,9,4,2,0,0
3,0,0,0,1,3,2,55,12,0,4,0,5,3,5,1,0,0
4,0,0,0,1,3,2,70,16,0,5,0,5,1,8,2,0,0
3,0,0,0,4,2,4,55,6,0,4,0,5,1,1,5,0,0
4,0,0,0,1,3,1,35,13,0,5,0,3,9,4,1,0,0
4,0,1,0,4,2,2,70,6,0,5,0,6,1,4,2,0,0
4,0,1,0,4,2,6,30,18,1,5,0,6,9,5,2,0,0
3,0,0,0,1,1,4,55,20,1,5,0,2,3,4,5,0,0
3,0,0,0,1,2,2,55,9,0,4,0,3,1,8,2,0,0
5,0,0,0,1,1,1,35,14,0,5,0,2,3,8,1,0,0
1,0,0,0,4,0,4,25,6,1,5,0,6,9,5,1,0,0
2,0,0,0,1,1,4,25,15,0,5,0,3,9,2,5,0,0
4,0,1,0,1,4,2,35,17,0,3,0,2,3,10,1,1,0
4,0,1,0,1,4,2,55,10,0,5,0,2,3,4,2,0,0
2,0,1,0,1,4,4,30,15,0,5,0,3,9,5,5,0,0
4,0,0,0,4,2,1,55,3,0,4,0,4,1,5,1,0,0
2,0,1,0,1,4,4,25,7,0,5,0,5,9,4,2,0,0
4,0,0,0,1,1,6,70,8,0,4,0,1,1,1,2,0,0
4,0,1,0,4,3,2,55,18,1,5,0,4,1,5,5,0,0
4,0,0,0,4,1,4,70,2,0,5,0,4,1,1,5,0,0
1,0,0,0,4,1,3,35,4,0,5,0,2,1,1,1,0,0
3,0,0,0,3,2,1,55,16,0,5,0,3,1,5,1,0,0
4,0,0,0,1,3,2,70,15,0,4,0,5,1,8,1,0,0
4,0,0,0,4,1,1,35,0,0,3,0,3,9,1,1,0,0
1,0,0,0,4,0,1,25,19,1,5,0,3,9,8,1,0,0
4,0,0,0,1,2,2,70,16,0,3,0,2,1,8,5,0,0
2,0,1,0,4,3,1,55,23,0,5,0,6,1,5,1,0,0
6,0,0,0,1,3,8,25,15,1,5,0,2,9,5,1,0,0
3,0,0,0,1,2,1,55,16,0,5,0,4,1,5,1,0,0
3,0,1,0,1,4,8,55,14,0,4,0,3,1,4,1,0,0
4,0,0,0,1,0,3,25,10,1,5,0,1,9,10,1,0,0
3,0,0,0,4,0,3,55,3,1,3,0,7,3,10,5,0,0
3,0,0,0,4,1,4,55,19,0,5,0,2,3,1,2,0,0
4,0,0,0,4,3,4,55,16,0,5,0,7,1,8,5,0,0
3,0,0,0,1,1,6,55,12,0,4,0,4,1,1,5,0,0
8,0,0,0,4,1,2,35,19,0,3,0,2,3,10,2,1,0
3,0,0,0,1,2,1,55,8,0,5,0,4,1,8,2,0,0
3,0,0,0,1,3,1,55,10,0,4,0,5,3,8,2,0,0
4,0,0,0,4,1,4,70,21,0,5,0,5,1,1,5,0,0
3,0,0,0,5,0,2,0,0,1,5,0,7,9,10,4,0,0
4,0,0,0,4,1,4,30,3,1,5,0,6,3,7,0,0,0
7,0,0,0,1,3,1,35,16,0,5,0,7,3,8,1,0,0
4,0,1,0,4,3,4,25,23,0,2,0,2,9,4,2,1,0
0,0,1,0,4,0,1,0,22,0,5,0,1,3,10,2,0,0
2,0,0,0,1,2,2,55,7,0,5,0,4,1,5,5,0,0
3,0,1,0,4,2,1,55,18,0,5,0,2,1,5,1,0,0
3,0,0,0,1,1,1,30,14,0,5,0,1,1,1,1,0,0
3,0,0,0,1,2,4,55,16,0,5,0,3,3,5,5,0,0
3,0,1,0,1,2,1,55,15,0,5,0,2,1,5,1,0,0
4,0,0,0,4,8,1,30,18,0,4,0,1,9,5,1,0,0
3,0,0,0,1,2,4,30,11,0,5,0,5,9,4,2,0,0
2,0,0,0,1,6,1,25,13,0,5,1,4,9,4,1,0,0
8,0,0,0,1,2,3,40,15,0,5,0,7,3,5,1,0,0
2,0,1,0,4,1,3,30,1,1,5,0,2,3,4,1,0,0
4,0,1,0,1,3,4,70,9,0,5,0,7,1,1,5,0,0
2,0,0,0,1,3,2,35,17,0,5,0,6,9,1,1,0,0
6,0,0,0,2,1,1,35,7,1,5,0,5,3,5,1,0,0
2,0,1,0,1,2,1,30,14,0,3,1,5,9,4,1,0,0
3,0,0,0,1,2,1,55,8,0,5,0,2,1,5,2,0,0
2,0,1,0,0,3,0,30,9,0,5,0,7,9,4,0,0,0
3,0,1,0,1,1,1,70,15,0,4,0,6,1,1,1,0,0
3,0,0,0,3,4,3,30,18,0,4,0,4,9,4,2,0,0
3,0,1,0,4,2,1,30,23,1,5,0,6,3,8,1,0,0
8,0,1,0,1,0,1,30,14,1,5,0,2,3,8,1,0,0
3,0,1,0,2,2,3,55,7,0,5,0,3,3,8,1,0,0
4,0,0,0,2,2,2,55,7,0,5,0,3,1,8,2,0,0
2,0,0,0,5,1,3,25,12,1,5,0,7,9,5,8,0,0
1,0,0,0,4,2,1,55,6,0,5,0,7,3,5,2,0,0
5,0,0,0,1,2,1,35,16,0,5,0,4,9,5,1,0,0
4,0,1,0,4,4,4,55,1,0,5,0,4,1,5,5,0,0
3,0,0,0,4,2,1,35,17,0,5,0,5,9,8,2,0,0
4,0,0,0,1,3,1,25,15,0,5,0,1,9,4,1,0,0
3,0,1,0,4,3,2,55,4,0,5,0,7,1,10,4,1,0
3,0,0,0,4,2,2,55,1,0,5,0,7,1,1,2,0,0
2,0,0,0,4,1,4,55,21,0,5,0,5,1,1,2,0,0
2,0,0,0,4,3,1,30,18,0,5,0,6,3,5,1,0,0
1,0,0,0,4,2,3,25,7,1,4,0,4,9,5,1,0,0
1,0,0,0,1,2,1,25,10,0,5,0,1,9,9,2,0,0
2,0,0,0,1,4,4,25,11,0,5,0,7,9,4,1,0,0
3,0,0,0,4,3,2,55,0,1,4,0,7,1,8,4,0,0
2,0,0,0,4,2,1,70,18,0,5,0,1,1,1,2,0,0
3,0,0,0,1,1,3,55,15,0,5,0,5,3,1,5,0,0
4,0,1,0,4,3,4,70,2,0,5,0,1,1,5,2,0,0
3,0,1,0,1,4,1,55,12,0,5,0,7,1,5,2,0,0
1,0,0,0,1,1,1,55,11,0,4,0,7,1,1,2,0,0
3,0,0,0,4,1,2,55,22,0,5,0,3,3,1,5,0,0
5,0,0,0,4,1,1,30,17,1,5,0,1,9,5,1,0,0
2,0,1,0,1,2,3,25,10,0,5,0,6,9,2,5,0,0
5,0,0,0,4,3,2,35,19,0,4,0,5,9,0,0,0,0
4,0,0,0,1,2,4,55,11,0,4,0,5,1,4,1,0,0
3,0,0,0,1,11,1,25,12,0,5,0,2,9,9,1,0,0
3,0,0,0,4,2,2,55,23,0,3,0,1,3,5,2,0,0
2,0,0,0,4,0,4,25,2,1,5,0,7,9,8,5,0,0
8,0,0,0,1,4,1,30,10,0,4,0,4,3,8,1,0,0
3,0,1,0,1,2,1,35,8,0,2,0,2,3,5,1,0,0
3,0,0,0,2,2,1,55,7,0,5,0,6,1,8,2,0,0
4,0,0,0,1,2,1,55,15,0,5,0,6,1,5,1,0,0
1,0,0,0,1,2,1,55,13,0,5,0,1,1,5,1,0,0
3,0,0,0,1,2,4,35,10,1,5,0,5,9,8,5,0,0
2,0,1,0,1,2,4,35,8,0,5,0,6,3,8,1,0,0
3,0,0,0,1,1,1,55,11,0,5,0,3,1,1,1,0,0
4,0,0,0,1,3,4,30,15,0,5,0,2,9,5,5,0,0
2,0,0,0,1,2,1,25,12,0,5,0,7,9,0,1,0,0
4,0,0,0,1,3,4,35,14,0,5,0,3,9,8,5,0,0
2,0,1,0,1,2,1,35,7,0,4,0,4,9,5,1,0,0
3,0,0,0,1,2,1,35,10,0,5,0,2,9,8,1,0,0
3,0,0,0,1,6,1,55,16,0,4,0,6,1,5,2,0,0
4,0,1,0,4,5,2,30,1,0,4,0,6,9,5,1,0,0
3,0,0,0,4,1,1,55,6,0,5,0,1,1,1,2,0,0
2,0,0,0,1,5,3,35,11,0,5,0,6,3,4,5,0,0
1,0,1,0,1,5,1,55,16,0,4,0,7,3,5,1,0,0
2,0,0,0,1,2,1,35,14,0,5,0,5,9,5,1,0,0
3,0,0,0,2,1,4,55,8,0,5,0,7,3,1,5,0,0
3,0,1,0,5,1,4,30,22,1,5,0,5,3,5,1,0,0
4,0,0,0,4,1,3,70,17,0,5,0,5,1,1,5,0,0
3,0,0,0,1,3,1,30,16,1,5,0,6,9,4,1,0,0
3,0,1,0,0,1,2,55,5,0,5,0,6,3,1,2,0,0
2,0,0,0,1,2,3,35,13,1,5,0,7,9,4,1,0,0
3,0,1,0,3,2,1,25,18,1,5,0,2,9,10,1,0,0
2,0,0,0,4,1,2,35,7,1,4,0,1,3,5,1,0,0
3,0,0,0,4,1,6,55,1,0,5,0,1,1,1,2,0,0
3,0,0,0,5,0,2,25,3,1,5,0,7,9,10,4,0,0
2,0,1,0,4,2,2,35,7,0,5,0,3,9,5,4,0,0
4,0,0,0,1,4,1,30,14,1,5,0,6,3,10,1,0,0
4,0,0,0,4,2,2,70,5,0,4,0,4,1,1,1,0,0
1,0,0,0,1,6,3,25,7,1,5,0,6,9,8,5,0,0
4,0,0,0,1,1,4,70,13,0,5,0,5,1,1,5,0,0
1,0,0,0,1,1,3,25,7,0,5,0,7,9,0,2,0,0
2,0,1,0,1,2,3,30,12,1,5,0,3,3,4,1,0,0
3,0,0,0,4,2,4,45,6,0,5,0,5,2,10,8,0,0
3,0,1,0,1,2,1,55,9,0,5,0,2,1,8,2,0,0
4,0,0,0,2,2,2,40,7,1,5,0,5,3,5,5,0,0
3,0,1,0,3,2,1,35,17,0,5,0,6,3,8,1,0,0
1,0,0,0,1,2,1,55,14,0,5,0,3,1,5,2,0,0
4,0,0,0,4,2,4,70,5,0,5,0,6,1,8,5,0,0
3,0,1,0,1,1,1,55,9,0,5,0,3,3,1,1,0,0
4,0,1,0,1,2,4,70,13,1,5,0,2,1,8,2,0,0
2,0,0,0,1,2,1,15,17,0,5,0,3,3,5,1,0,0
4,0,0,0,1,2,1,25,17,0,5,0,2,9,10,1,0,0
0,0,0,0,1,1,3,0,12,1,5,0,5,9,5,1,0,0
4,0,0,0,1,2,4,35,10,0,2,0,6,3,1,5,0,0
2,0,1,0,1,4,1,35,13,0,5,0,7,9,4,1,0,0
1,0,0,0,1,2,6,55,10,0,3,0,6,1,10,2,0,0
1,0,0,0,4,1,1,25,5,1,5,0,2,1,1,1,0,0
3,0,0,0,4,1,3,55,5,0,5,0,6,1,1,2,0,0
2,0,1,0,1,4,1,35,15,0,5,0,7,3,8,1,0,0
2,0,0,0,1,2,3,25,9,0,5,0,5,9,8,2,0,0
4,0,0,0,1,9,2,30,15,0,5,0,3,9,7,2,0,0
3,0,0,0,3,3,1,55,16,0,5,0,3,1,5,2,0,0
2,0,1,0,1,5,4,30,15,0,5,0,6,9,4,1,0,0
7,0,0,0,1,2,2,45,8,0,5,1,6,2,4,2,0,0
6,0,1,0,4,2,3,30,18,0,5,0,7,3,4,2,0,0
2,0,0,0,1,5,2,25,10,0,4,0,7,9,4,2,0,0
2,0,0,0,1,2,3,25,10,0,4,0,4,9,8,1,0,0
2,0,0,0,1,2,1,35,10,0,5,0,2,9,5,2,0,0
0,0,0,0,1,1,1,0,11,1,5,0,5,3,4,2,0,0
4,0,0,0,4,3,3,30,22,0,5,0,6,3,10,5,0,0
3,0,0,0,1,2,1,70,9,0,5,0,4,1,5,2,0,0
2,0,0,0,4,2,3,30,8,0,5,0,6,9,2,2,0,0
2,0,0,0,4,1,3,25,6,0,5,0,1,9,1,1,0,0
3,0,0,0,1,1,6,55,11,1,5,0,3,1,8,1,0,0
4,0,1,0,1,8,1,55,14,0,3,0,2,1,5,1,0,0
0,0,0,0,1,2,6,0,9,0,5,0,3,1,1,4,0,0
3,0,1,0,4,1,1,70,23,0,5,0,6,1,8,1,0,0
2,0,0,0,4,1,3,23,23,1,5,0,4,9,9,1,0,0
0,0,0,0,1,2,6,25,13,1,5,0,7,9,4,1,0,0
4,0,0,0,4,1,4,55,6,0,5,0,6,1,1,5,0,0
0,0,0,0,4,1,3,0,0,1,4,0,3,9,6,8,0,0
3,0,1,0,1,1,2,55,9,0,4,0,7,1,1,1,0,0
1,0,1,0,1,2,4,40,6,0,5,0,3,3,5,2,0,0
3,0,1,0,1,2,1,55,13,0,5,0,2,3,5,1,0,0
3,0,0,0,2,2,3,55,5,1,5,0,6,3,8,2,0,0
2,0,0,0,1,1,4,25,16,0,4,0,2,9,4,5,0,0
5,0,0,0,4,2,1,40,3,0,5,0,7,9,8,1,0,0
3,0,1,0,3,7,1,55,19,0,5,0,7,3,8,2,1,0
2,0,0,0,1,1,1,25,14,0,4,0,2,9,1,1,0,0
1,0,0,0,1,2,3,55,10,0,5,0,1,1,1,1,0,0
3,0,0,0,4,2,1,55,1,1,5,0,7,1,8,2,0,0
2,0,1,0,0,2,3,25,17,0,5,0,5,9,2,5,0,0
3,0,0,0,4,2,1,30,2,0,5,0,7,9,2,1,0,0
2,0,1,0,1,1,4,30,17,0,5,0,4,9,1,5,0,0
2,0,1,0,4,1,4,65,17,0,5,0,3,1,1,5,0,0
4,0,0,0,4,2,3,40,18,0,5,0,3,3,5,2,0,0
3,0,0,0,1,2,1,35,7,0,5,0,3,9,9,1,0,0
2,0,1,0,4,2,4,25,1,0,5,0,1,9,8,2,0,0
4,0,0,0,1,2,4,55,8,0,5,0,3,1,5,1,0,0
3,0,0,0,4,1,6,70,18,0,3,0,7,1,1,5,0,0
2,0,0,0,1,1,4,30,16,1,4,0,2,9,4,5,0,0
4,0,1,0,1,2,1,45,16,0,5,0,2,2,5,1,0,0
4,0,1,0,1,2,4,35,16,0,5,0,5,9,5,5,0,0
1,0,0,0,1,1,4,25,9,1,5,0,2,9,2,5,0,0
2,0,0,0,4,0,1,30,5,1,5,0,1,3,1,2,0,0
3,0,0,0,1,3,3,55,17,0,4,0,4,1,8,1,0,0
4,0,0,0,1,3,3,35,16,1,4,0,5,9,4,5,0,0
4,0,0,0,4,3,2,25,19,1,5,0,2,3,8,5,0,0
4,0,0,0,4,2,2,70,21,0,5,0,5,1,5,2,0,0
5,0,1,0,2,3,3,35,8,0,5,0,2,9,1,5,0,0
4,0,0,0,4,4,1,55,22,0,5,0,7,1,8,1,0,0
3,0,0,0,1,2,2,55,8,0,4,0,2,1,5,2,0,0
8,0,0,0,1,1,1,25,8,0,4,0,4,1,8,1,0,0
4,0,1,0,1,1,2,30,12,0,5,0,7,1,10,1,0,0
4,0,1,0,4,2,1,50,6,0,5,0,5,3,4,2,0,0
5,0,1,0,4,2,1,70,5,0,4,0,4,1,10,1,1,0
6,0,0,0,4,1,6,35,3,1,5,0,1,9,5,2,1,0
4,0,0,0,1,6,1,35,15,0,4,0,6,9,5,1,0,0
3,0,0,0,1,1,3,55,7,0,5,0,2,1,1,2,0,0
2,0,0,0,1,1,4,35,15,1,5,0,5,3,8,5,0,0
4,0,0,0,4,6,1,25,2,1,5,0,1,9,8,1,0,0
3,0,0,0,1,0,2,25,17,0,5,0,3,9,10,1,0,0
2,0,0,0,1,1,1,25,7,0,5,0,5,9,5,2,0,0
2,0,0,0,1,0,1,25,15,1,5,0,7,9,8,1,0,0
2,0,0,0,1,3,4,35,17,1,5,0,6,3,8,1,0,0
3,0,0,0,4,1,2,70,21,0,5,0,7,1,1,5,0,0
2,0,0,0,5,0,1,25,9,1,5,0,5,9,4,1,0,0
2,0,0,0,1,0,3,30,12,1,5,0,7,9,7,2,0,0
4,0,0,0,4,2,6,40,21,0,3,0,2,3,1,1,0,0
4,0,1,0,4,2,1,35,22,0,4,0,1,9,2,2,0,0
4,0,1,0,1,5,1,55,15,0,5,0,7,1,1,1,0,0
2,0,1,0,4,2,1,30,0,0,4,0,4,3,4,1,0,0
2,0,0,0,1,2,4,25,11,0,5,0,7,9,5,2,0,0
3,0,0,0,1,1,2,55,8,0,5,0,5,1,1,2,0,0
0,0,0,0,1,2,3,0,11,0,5,0,2,9,10,2,0,0
6,0,0,0,1,3,8,35,15,1,5,1,3,9,4,8,0,0
5,0,0,0,1,2,2,30,7,0,5,0,5,2,8,3,0,0
3,0,0,0,4,3,1,30,3,0,5,0,7,3,8,1,0,0
3,0,1,0,1,2,6,55,14,0,5,0,3,1,1,1,0,0
0,0,0,0,5,1,4,25,18,1,5,0,2,9,1,2,0,0
3,0,0,0,1,3,2,30,13,1,5,0,3,9,10,1,0,0
2,0,1,0,1,2,1,35,1,1,4,0,3,9,0,2,0,0
3,0,0,0,2,8,1,55,8,0,5,0,4,1,5,1,0,0
3,0,0,0,1,3,4,70,11,0,5,0,2,1,8,5,0,0
1,0,0,0,4,2,1,55,2,0,5,0,1,1,1,1,0,0
3,0,0,0,1,2,1,5,9,0,5,0,1,9,1,2,0,0
3,0,1,0,4,3,6,30,1,0,5,0,7,9,5,5,0,0
4,0,0,0,1,1,2,30,8,1,5,0,3,9,8,4,0,0
1,0,0,0,5,0,1,25,3,1,5,0,1,9,5,1,0,0
6,0,0,0,2,3,2,25,18,0,4,0,3,9,4,4,0,0
3,0,0,0,4,5,1,55,22,0,5,0,7,3,8,1,0,0
5,0,0,0,4,0,1,25,2,1,5,0,5,9,4,1,0,0
2,0,0,0,1,3,4,25,10,0,5,0,4,9,4,5,0,0
5,0,0,0,2,1,2,70,7,0,5,0,2,1,1,4,0,0
2,0,0,0,4,1,4,25,19,1,5,0,2,9,8,1,0,0
3,0,1,0,1,7,1,30,15,0,5,0,1,9,4,1,0,0
1,0,0,0,4,0,1,25,22,1,5,0,3,9,5,0,0,0
4,0,0,0,4,1,1,25,2,1,5,0,7,9,9,1,0,0
4,0,0,0,4,2,4,25,19,0,5,0,2,1,4,1,0,0
6,0,0,0,4,2,2,0,20,0,5,0,7,9,4,1,0,0
3,0,1,0,4,2,8,70,1,1,5,0,6,1,8,8,0,0
2,0,0,0,1,1,3,55,7,0,4,0,3,1,1,2,0,0
0,0,1,0,1,3,1,0,9,0,4,0,3,9,4,1,0,0
3,0,0,0,4,2,2,55,22,0,5,0,7,3,10,5,0,0
2,0,1,0,1,3,1,0,15,0,5,0,6,9,8,1,0,0
0,0,0,0,4,3,4,0,23,1,4,0,2,9,4,2,0,0
2,0,0,0,4,16,2,30,19,1,5,0,5,9,0,2,0,0
2,0,0,0,1,1,4,0,16,0,4,0,5,9,1,5,0,0
4,0,0,0,1,1,1,35,14,0,5,0,5,9,2,1,0,0
2,0,0,0,1,1,2,55,14,0,4,0,3,1,1,1,0,0
2,0,1,0,4,1,6,30,3,0,4,0,6,9,1,5,0,0
3,0,0,0,4,3,2,70,2,1,3,0,7,1,5,4,0,0
4,0,0,0,3,3,2,35,16,0,5,0,2,9,4,5,0,0
9,0,0,0,4,3,3,30,3,1,5,1,4,9,4,2,0,0
4,0,0,0,4,1,3,70,5,0,5,0,6,1,1,7,0,0
3,0,0,0,1,0,4,35,9,0,5,0,7,9,8,2,0,0
3,0,0,0,1,3,1,25,13,0,5,0,6,9,4,1,0,0
6,0,0,0,4,3,4,35,1,0,4,0,7,1,2,5,0,0
2,0,0,0,1,3,1,25,12,1,5,0,7,9,8,1,0,0
6,0,0,0,5,0,1,35,18,1,5,0,3,9,8,1,0,0
4,0,0,0,4,1,2,35,0,1,5,0,7,9,4,1,0,0
2,0,0,0,1,0,2,25,8,1,5,0,1,9,8,0,0,0
0,0,0,0,1,1,2,0,12,1,5,0,5,3,5,1,0,0
2,0,0,0,1,1,1,25,16,1,5,0,2,9,10,1,0,0
2,0,0,0,1,3,2,15,14,0,4,0,7,9,5,2,0,0
1,0,0,0,1,2,1,0,20,1,5,0,6,9,8,1,0,0
3,0,0,0,1,3,0,30,10,1,5,1,6,9,4,1,0,0
2,0,1,0,4,2,1,35,18,0,5,0,1,9,4,1,0,0
2,0,0,0,1,2,1,25,4,0,5,0,2,9,5,1,0,0
1,0,0,0,4,1,3,25,1,0,5,0,3,9,1,1,1,0
1,0,0,0,4,0,4,25,22,1,5,0,3,9,8,5,0,0
3,0,0,0,1,1,1,55,9,0,5,0,5,1,1,1,0,0
2,0,1,0,4,2,2,55,23,0,4,0,7,1,1,5,0,0
2,0,1,0,1,2,2,30,8,0,5,0,4,9,4,1,0,0
3,0,1,0,4,1,3,55,6,0,5,0,6,3,1,4,0,0
3,0,0,0,1,3,1,55,14,0,4,0,6,1,5,1,0,0
2,0,1,0,1,2,4,30,12,0,5,0,4,9,4,5,0,0
3,0,1,0,1,6,2,70,13,0,4,0,4,1,10,4,0,0
4,0,0,0,1,0,4,35,15,1,5,0,7,9,10,5,0,0
3,0,0,0,1,2,1,25,11,0,5,0,3,3,8,1,0,0
2,0,0,0,1,0,2,20,12,1,5,0,7,9,8,4,0,0
2,0,0,0,1,0,1,30,13,1,2,0,3,9,1,1,0,0
4,0,1,0,1,2,1,55,14,0,5,0,5,3,8,1,0,0
3,0,1,0,1,5,1,55,14,0,5,0,1,9,5,1,0,0
7,0,0,0,1,2,4,35,16,0,5,0,3,3,5,5,0,0
4,0,0,0,1,1,1,60,15,1,5,0,7,1,8,1,0,0
3,0,1,0,4,3,1,30,1,0,5,1,1,9,4,1,0,0
3,0,1,0,1,3,1,55,16,0,4,0,6,1,5,1,0,0
2,0,0,0,1,3,6,25,9,0,5,0,2,9,10,5,0,0
2,0,0,0,4,3,1,30,20,1,5,0,5,9,7,2,0,0
4,0,0,0,1,2,1,70,16,0,4,0,6,1,8,2,0,0
1,0,0,0,1,1,2,30,12,1,5,0,5,9,4,2,0,0
4,0,1,0,4,2,4,70,0,0,4,0,7,1,5,1,0,0
4,0,0,0,1,3,1,70,17,0,5,0,5,1,5,1,0,0
3,0,0,0,1,1,1,55,9,1,4,0,5,1,8,1,0,0
3,0,0,0,4,2,1,55,0,0,5,0,5,3,8,2,0,0
2,0,0,0,1,2,6,35,14,1,5,0,2,3,4,5,0,0
2,0,1,0,4,3,3,25,23,0,5,0,4,9,1,1,0,0
4,0,0,0,4,2,2,25,19,1,5,0,7,9,8,2,0,0
3,0,0,0,1,2,1,55,16,0,4,0,2,3,8,1,0,0
4,0,0,0,4,1,4,70,1,0,4,0,6,1,1,5,0,0
4,0,0,0,4,9,6,70,19,0,4,0,7,1,5,8,0,0
4,0,0,0,1,2,1,70,9,0,5,0,3,1,5,2,0,0
3,0,0,0,1,2,1,35,19,0,5,0,2,9,5,1,0,0
2,0,0,0,4,2,1,25,4,0,5,0,5,9,8,1,0,0
2,0,1,0,3,2,3,35,22,0,5,0,2,9,6,2,0,0
2,0,0,0,1,3,4,10,15,0,5,0,6,9,2,1,0,0
3,0,1,0,4,3,1,30,23,0,5,1,1,1,4,1,0,0
0,0,1,0,1,1,1,0,12,1,5,0,3,9,10,1,0,0
3,0,0,0,3,2,0,30,17,1,5,0,1,9,8,2,0,0
1,0,0,0,4,1,3,25,16,0,5,0,5,9,5,5,0,0
2,0,0,0,2,2,3,25,7,1,5,0,5,3,4,5,0,0
4,0,1,0,1,2,2,70,13,0,5,0,3,1,5,1,0,0
3,0,0,0,1,2,1,30,18,0,4,0,2,7,5,1,0,0
2,0,0,0,1,1,4,25,9,1,5,0,3,9,10,1,0,0
4,0,0,0,1,1,2,35,10,0,5,0,1,9,4,2,0,0
4,0,0,0,1,2,4,0,8,0,5,0,4,1,1,5,0,0
3,0,0,0,4,0,1,0,20,1,5,0,4,9,8,1,0,0
5,0,0,0,1,2,6,70,7,0,5,0,6,1,8,2,0,0
4,0,1,0,1,3,3,35,16,0,5,0,6,3,4,2,0,0
3,0,0,0,4,2,3,55,6,0,5,0,6,3,1,2,0,0
3,0,0,0,4,1,1,35,18,0,5,0,7,3,6,1,0,0
0,0,0,0,4,4,1,0,22,0,5,0,6,9,8,1,0,0
3,0,0,0,1,1,1,35,14,1,5,0,2,9,8,1,0,0
2,0,0,0,5,1,3,30,1,0,2,0,3,9,1,5,0,0
4,0,1,0,4,2,1,70,21,0,5,0,2,1,8,1,0,0
3,0,0,0,1,2,2,55,13,1,5,0,4,1,8,2,0,0
3,0,0,0,1,2,6,55,11,0,4,0,2,1,10,1,0,0
6,0,0,0,1,3,6,35,8,0,5,0,6,3,5,1,0,0
3,0,1,0,1,1,4,25,11,0,5,0,1,9,1,1,0,0
3,0,0,0,1,2,1,70,7,1,5,0,6,1,8,2,0,0
2,0,0,0,4,4,2,25,19,0,4,0,5,9,6,5,0,0
8,0,0,0,4,1,1,40,1,1,5,0,2,3,5,1,0,0
3,0,0,0,1,1,1,55,8,0,3,0,7,3,1,2,0,0
4,0,0,0,1,2,2,35,7,0,5,1,4,9,4,2,0,0
3,0,0,0,1,1,2,70,12,0,4,0,4,1,1,2,0,0
3,0,0,0,1,1,2,25,16,1,5,0,5,9,4,1,0,0
4,0,1,0,1,4,6,25,12,0,4,0,7,9,1,2,0,0
3,0,0,0,1,2,1,25,11,0,5,0,1,9,8,1,0,0
5,0,0,0,1,4,2,30,12,0,5,0,2,3,10,2,0,0
6,0,0,0,1,2,1,30,8,0,5,0,2,3,5,1,0,0
2,0,0,0,1,0,3,20,9,1,5,0,2,9,8,7,0,0
2,0,0,0,1,1,8,25,11,0,5,0,1,9,8,8,0,0
3,0,0,0,1,3,1,25,16,1,5,0,6,9,5,2,0,0
2,0,0,0,4,0,3,25,4,1,5,0,2,9,8,1,0,0
4,0,1,0,1,1,3,70,8,0,5,0,3,1,1,1,0,0
2,0,0,0,4,1,3,35,2,0,5,0,6,9,5,5,0,0
8,0,1,0,1,2,2,40,7,0,5,1,2,3,4,5,1,0
4,0,0,0,1,2,2,25,8,0,5,0,7,9,8,5,0,0
4,0,0,0,4,1,3,70,0,0,5,0,1,1,1,5,0,0
4,0,0,0,1,3,4,25,13,1,5,0,6,9,4,1,0,0
1,0,0,0,1,0,1,25,9,1,5,0,4,9,10,1,0,0
4,0,0,0,4,0,4,30,2,1,5,0,6,9,1,5,0,0
4,0,0,0,3,2,1,40,18,0,4,0,6,9,4,1,0,0
1,0,0,0,4,1,4,25,19,0,5,0,7,9,9,5,0,0
3,0,0,0,1,2,2,55,8,0,5,0,7,1,1,4,0,0
3,0,0,0,4,2,4,55,19,0,4,0,7,9,8,5,0,0
3,0,0,0,4,7,1,55,18,0,2,0,2,1,1,1,1,0
4,0,0,0,4,1,3,55,1,0,4,0,3,1,1,2,0,0